removed_idx,file,label,group
0,tester_data\all_tester\mast_20250730_143630_796.wav,0,mast_20250730_143630_796
5,tester_data\all_tester\mast_20250730_143635_786.wav,0,mast_20250730_143635_786
9,tester_data\all_tester\mast_20250730_143639_790.wav,0,mast_20250730_143639_790
14,tester_data\all_tester\mast_20250730_143644_792.wav,0,mast_20250730_143644_792
18,tester_data\all_tester\mast_20250730_143648_791.wav,0,mast_20250730_143648_791
19,tester_data\all_tester\mast_20250730_143649_788.wav,0,mast_20250730_143649_788
27,tester_data\all_tester\mast_20250730_143657_788.wav,0,mast_20250730_143657_788
28,tester_data\all_tester\mast_20250730_143658_777.wav,0,mast_20250730_143658_777
32,tester_data\all_tester\mast_20250730_143702_794.wav,0,mast_20250730_143702_794
37,tester_data\all_tester\mast_20250730_143707_781.wav,0,mast_20250730_143707_781
41,tester_data\all_tester\mast_20250730_143711_784.wav,0,mast_20250730_143711_784
42,tester_data\all_tester\mast_20250730_143712_774.wav,0,mast_20250730_143712_774
46,tester_data\all_tester\mast_20250730_143716_791.wav,0,mast_20250730_143716_791
50,tester_data\all_tester\mast_20250730_143720_791.wav,0,mast_20250730_143720_791
51,tester_data\all_tester\mast_20250730_143721_783.wav,0,mast_20250730_143721_783
55,tester_data\all_tester\mast_20250730_143725_786.wav,0,mast_20250730_143725_786
59,tester_data\all_tester\mast_20250730_143729_801.wav,0,mast_20250730_143729_801
60,tester_data\all_tester\mast_20250730_143730_794.wav,0,mast_20250730_143730_794
64,tester_data\all_tester\mast_20250730_143734_791.wav,0,mast_20250730_143734_791
69,tester_data\all_tester\mast_20250730_143739_787.wav,0,mast_20250730_143739_787
73,tester_data\all_tester\mast_20250730_143743_779.wav,0,mast_20250730_143743_779
74,tester_data\all_tester\mast_20250730_143744_791.wav,0,mast_20250730_143744_791
82,tester_data\all_tester\mast_20250730_143752_792.wav,0,mast_20250730_143752_792
83,tester_data\all_tester\mast_20250730_143753_784.wav,0,mast_20250730_143753_784
87,tester_data\all_tester\mast_20250730_143757_784.wav,0,mast_20250730_143757_784
92,tester_data\all_tester\mast_20250730_143802_790.wav,0,mast_20250730_143802_790
96,tester_data\all_tester\mast_20250730_143806_793.wav,0,mast_20250730_143806_793
105,tester_data\all_tester\mast_20250730_143815_803.wav,0,mast_20250730_143815_803
106,tester_data\all_tester\mast_20250730_143816_791.wav,0,mast_20250730_143816_791
110,tester_data\all_tester\mast_20250730_143820_785.wav,0,mast_20250730_143820_785
114,tester_data\all_tester\mast_20250730_143824_791.wav,0,mast_20250730_143824_791
115,tester_data\all_tester\mast_20250730_143825_787.wav,0,mast_20250730_143825_787
119,tester_data\all_tester\mast_20250730_143829_794.wav,0,mast_20250730_143829_794
128,tester_data\all_tester\mast_20250730_143838_794.wav,0,mast_20250730_143838_794
129,tester_data\all_tester\mast_20250730_143839_785.wav,0,mast_20250730_143839_785
133,tester_data\all_tester\mast_20250730_143843_784.wav,0,mast_20250730_143843_784
137,tester_data\all_tester\mast_20250730_143847_802.wav,0,mast_20250730_143847_802
138,tester_data\all_tester\mast_20250730_143848_790.wav,0,mast_20250730_143848_790
142,tester_data\all_tester\mast_20250730_143852_790.wav,0,mast_20250730_143852_790
153,tester_data\all_tester\mast_20250819_093020_231.wav,0,mast_20250819_093020_231
158,tester_data\all_tester\mast_20250819_093025_228.wav,0,mast_20250819_093025_228
159,tester_data\all_tester\mast_20250819_093026_228.wav,0,mast_20250819_093026_228
164,tester_data\all_tester\mast_20250819_093031_257.wav,0,mast_20250819_093031_257
165,tester_data\all_tester\mast_20250819_093032_255.wav,0,mast_20250819_093032_255
170,tester_data\all_tester\mast_20250819_093037_232.wav,0,mast_20250819_093037_232
176,tester_data\all_tester\mast_20250819_093043_250.wav,0,mast_20250819_093043_250
181,tester_data\all_tester\mast_20250819_093048_249.wav,0,mast_20250819_093048_249
182,tester_data\all_tester\mast_20250819_093049_234.wav,0,mast_20250819_093049_234
187,tester_data\all_tester\mast_20250819_093054_233.wav,0,mast_20250819_093054_233
188,tester_data\all_tester\mast_20250819_093055_246.wav,0,mast_20250819_093055_246
193,tester_data\all_tester\mast_20250819_093100_229.wav,0,mast_20250819_093100_229
198,tester_data\all_tester\mast_20250819_093105_364.wav,0,mast_20250819_093105_364
199,tester_data\all_tester\mast_20250819_093106_363.wav,0,mast_20250819_093106_363
204,tester_data\all_tester\mast_20250819_093111_361.wav,0,mast_20250819_093111_361
205,tester_data\all_tester\mast_20250819_093112_348.wav,0,mast_20250819_093112_348
210,tester_data\all_tester\mast_20250819_093117_366.wav,0,mast_20250819_093117_366
216,tester_data\all_tester\mast_20250819_093123_352.wav,0,mast_20250819_093123_352
221,tester_data\all_tester\mast_20250819_093128_337.wav,0,mast_20250819_093128_337
222,tester_data\all_tester\mast_20250819_093129_349.wav,0,mast_20250819_093129_349
227,tester_data\all_tester\mast_20250819_093134_353.wav,0,mast_20250819_093134_353
484,tester_data\all_tester\mast_20250826_105035_987.wav,0,mast_20250826_105035_987
485,tester_data\all_tester\mast_20250826_105036_978.wav,0,mast_20250826_105036_978
490,tester_data\all_tester\mast_20250826_105041_970.wav,0,mast_20250826_105041_970
491,tester_data\all_tester\mast_20250826_105042_971.wav,0,mast_20250826_105042_971
495,tester_data\all_tester\mast_20250826_105046_964.wav,0,mast_20250826_105046_964
496,tester_data\all_tester\mast_20250826_105047_974.wav,0,mast_20250826_105047_974
497,tester_data\all_tester\mast_20250826_105048_960.wav,0,mast_20250826_105048_960
502,tester_data\all_tester\mast_20250826_105053_959.wav,0,mast_20250826_105053_959
507,tester_data\all_tester\mast_20250826_105058_956.wav,0,mast_20250826_105058_956
508,tester_data\all_tester\mast_20250826_105059_949.wav,0,mast_20250826_105059_949
509,tester_data\all_tester\mast_20250826_105100_946.wav,0,mast_20250826_105100_946
513,tester_data\all_tester\mast_20250826_105104_953.wav,0,mast_20250826_105104_953
514,tester_data\all_tester\mast_20250826_105105_958.wav,0,mast_20250826_105105_958
515,tester_data\all_tester\mast_20250826_105106_946.wav,0,mast_20250826_105106_946
519,tester_data\all_tester\mast_20250826_105110_949.wav,0,mast_20250826_105110_949
520,tester_data\all_tester\mast_20250826_105111_946.wav,0,mast_20250826_105111_946
525,tester_data\all_tester\mast_20250826_105116_924.wav,0,mast_20250826_105116_924
526,tester_data\all_tester\mast_20250826_105117_944.wav,0,mast_20250826_105117_944
531,tester_data\all_tester\mast_20250826_105122_924.wav,0,mast_20250826_105122_924
532,tester_data\all_tester\mast_20250826_105123_947.wav,0,mast_20250826_105123_947
537,tester_data\all_tester\mast_20250826_105128_923.wav,0,mast_20250826_105128_923
543,tester_data\all_tester\mast_20250826_105134_915.wav,0,mast_20250826_105134_915
544,tester_data\all_tester\mast_20250826_105135_927.wav,0,mast_20250826_105135_927
549,tester_data\all_tester\mast_20250826_105140_908.wav,0,mast_20250826_105140_908
550,tester_data\all_tester\mast_20250826_105141_904.wav,0,mast_20250826_105141_904
554,tester_data\all_tester\mast_20250826_105145_896.wav,0,mast_20250826_105145_896
555,tester_data\all_tester\mast_20250826_105146_888.wav,0,mast_20250826_105146_888
556,tester_data\all_tester\mast_20250826_105147_912.wav,0,mast_20250826_105147_912
561,tester_data\all_tester\mast_20250826_105152_899.wav,0,mast_20250826_105152_899
562,tester_data\all_tester\mast_20250826_105153_900.wav,0,mast_20250826_105153_900
566,tester_data\all_tester\mast_20250826_105157_885.wav,0,mast_20250826_105157_885
567,tester_data\all_tester\mast_20250826_105158_892.wav,0,mast_20250826_105158_892
568,tester_data\all_tester\mast_20250826_105159_877.wav,0,mast_20250826_105159_877
572,tester_data\all_tester\mast_20250826_105203_901.wav,0,mast_20250826_105203_901
573,tester_data\all_tester\mast_20250826_105204_890.wav,0,mast_20250826_105204_890
578,tester_data\all_tester\mast_20250826_105209_886.wav,0,mast_20250826_105209_886
579,tester_data\all_tester\mast_20250826_105210_891.wav,0,mast_20250826_105210_891
587,tester_data\all_tester\mast_bearing_broken_20250819_093020_231.wav,0,mast_bearing_broken_20250819_093020_231
592,tester_data\all_tester\mast_bearing_broken_20250819_093025_228.wav,0,mast_bearing_broken_20250819_093025_228
593,tester_data\all_tester\mast_bearing_broken_20250819_093026_228.wav,0,mast_bearing_broken_20250819_093026_228
598,tester_data\all_tester\mast_bearing_broken_20250819_093031_257.wav,0,mast_bearing_broken_20250819_093031_257
599,tester_data\all_tester\mast_bearing_broken_20250819_093032_255.wav,0,mast_bearing_broken_20250819_093032_255
604,tester_data\all_tester\mast_bearing_broken_20250819_093037_232.wav,0,mast_bearing_broken_20250819_093037_232
610,tester_data\all_tester\mast_bearing_broken_20250819_093043_250.wav,0,mast_bearing_broken_20250819_093043_250
615,tester_data\all_tester\mast_bearing_broken_20250819_093048_249.wav,0,mast_bearing_broken_20250819_093048_249
616,tester_data\all_tester\mast_bearing_broken_20250819_093049_234.wav,0,mast_bearing_broken_20250819_093049_234
621,tester_data\all_tester\mast_bearing_broken_20250819_093054_233.wav,0,mast_bearing_broken_20250819_093054_233
622,tester_data\all_tester\mast_bearing_broken_20250819_093055_246.wav,0,mast_bearing_broken_20250819_093055_246
627,tester_data\all_tester\mast_bearing_broken_20250819_093100_229.wav,0,mast_bearing_broken_20250819_093100_229
632,tester_data\all_tester\mast_bearing_broken_20250819_093105_364.wav,0,mast_bearing_broken_20250819_093105_364
633,tester_data\all_tester\mast_bearing_broken_20250819_093106_363.wav,0,mast_bearing_broken_20250819_093106_363
638,tester_data\all_tester\mast_bearing_broken_20250819_093111_361.wav,0,mast_bearing_broken_20250819_093111_361
639,tester_data\all_tester\mast_bearing_broken_20250819_093112_348.wav,0,mast_bearing_broken_20250819_093112_348
644,tester_data\all_tester\mast_bearing_broken_20250819_093117_366.wav,0,mast_bearing_broken_20250819_093117_366
650,tester_data\all_tester\mast_bearing_broken_20250819_093123_352.wav,0,mast_bearing_broken_20250819_093123_352
655,tester_data\all_tester\mast_bearing_broken_20250819_093128_337.wav,0,mast_bearing_broken_20250819_093128_337
656,tester_data\all_tester\mast_bearing_broken_20250819_093129_349.wav,0,mast_bearing_broken_20250819_093129_349
661,tester_data\all_tester\mast_bearing_broken_20250819_093134_353.wav,0,mast_bearing_broken_20250819_093134_353
678,tester_data\all_tester\mast_bearing_broken_20250822_141005_083.wav,0,mast_bearing_broken_20250822_141005_083
731,tester_data\all_tester\mast_bearing_broken_20250822_141058_083.wav,0,mast_bearing_broken_20250822_141058_083
752,tester_data\all_tester\mast_bearing_broken_20250822_141119_073.wav,0,mast_bearing_broken_20250822_141119_073
943,tester_data\all_tester\elevator_20250819_093749_527.wav,1,elevator_20250819_093749_527
947,tester_data\all_tester\elevator_20250819_093753_520.wav,1,elevator_20250819_093753_520
948,tester_data\all_tester\elevator_20250819_093754_513.wav,1,elevator_20250819_093754_513
952,tester_data\all_tester\elevator_20250819_093758_511.wav,1,elevator_20250819_093758_511
956,tester_data\all_tester\elevator_20250819_093802_536.wav,1,elevator_20250819_093802_536
957,tester_data\all_tester\elevator_20250819_093803_516.wav,1,elevator_20250819_093803_516
960,tester_data\all_tester\elevator_20250819_093806_527.wav,1,elevator_20250819_093806_527
961,tester_data\all_tester\elevator_20250819_093807_530.wav,1,elevator_20250819_093807_530
965,tester_data\all_tester\elevator_20250819_093811_511.wav,1,elevator_20250819_093811_511
969,tester_data\all_tester\elevator_20250819_093815_502.wav,1,elevator_20250819_093815_502
970,tester_data\all_tester\elevator_20250819_093816_536.wav,1,elevator_20250819_093816_536
972,tester_data\all_tester\elevator_20250819_093818_535.wav,1,elevator_20250819_093818_535
974,tester_data\all_tester\elevator_20250819_093820_509.wav,1,elevator_20250819_093820_509
978,tester_data\all_tester\elevator_20250819_093824_523.wav,1,elevator_20250819_093824_523
979,tester_data\all_tester\elevator_20250819_093825_516.wav,1,elevator_20250819_093825_516
983,tester_data\all_tester\elevator_20250819_093829_512.wav,1,elevator_20250819_093829_512
987,tester_data\all_tester\elevator_20250819_093833_522.wav,1,elevator_20250819_093833_522
992,tester_data\all_tester\elevator_20250819_093838_526.wav,1,elevator_20250819_093838_526
996,tester_data\all_tester\elevator_20250819_093842_520.wav,1,elevator_20250819_093842_520
1000,tester_data\all_tester\elevator_20250819_093846_524.wav,1,elevator_20250819_093846_524
1001,tester_data\all_tester\elevator_20250819_093847_530.wav,1,elevator_20250819_093847_530
1005,tester_data\all_tester\elevator_20250819_093851_528.wav,1,elevator_20250819_093851_528
1009,tester_data\all_tester\elevator_20250819_093855_533.wav,1,elevator_20250819_093855_533
1010,tester_data\all_tester\elevator_20250819_093856_518.wav,1,elevator_20250819_093856_518
1014,tester_data\all_tester\elevator_20250819_093900_520.wav,1,elevator_20250819_093900_520
1018,tester_data\all_tester\elevator_20250819_093904_522.wav,1,elevator_20250819_093904_522
1019,tester_data\all_tester\elevator_20250819_093905_524.wav,1,elevator_20250819_093905_524
1022,tester_data\all_tester\elevator_20250819_093908_511.wav,1,elevator_20250819_093908_511
1027,tester_data\all_tester\elevator_20250819_093913_507.wav,1,elevator_20250819_093913_507
1031,tester_data\all_tester\elevator_20250819_093917_517.wav,1,elevator_20250819_093917_517
1032,tester_data\all_tester\elevator_20250819_093918_534.wav,1,elevator_20250819_093918_534
1034,tester_data\all_tester\elevator_20250819_093920_540.wav,1,elevator_20250819_093920_540
1036,tester_data\all_tester\elevator_20250819_093922_512.wav,1,elevator_20250819_093922_512
1038,tester_data\all_tester\elevator_20250819_093924_519.wav,1,elevator_20250819_093924_519
1040,tester_data\all_tester\elevator_20250819_093926_517.wav,1,elevator_20250819_093926_517
1048,tester_data\all_tester\elevator_20250822_141815_777.wav,1,elevator_20250822_141815_777
1051,tester_data\all_tester\elevator_20250822_141818_776.wav,1,elevator_20250822_141818_776
1054,tester_data\all_tester\elevator_20250822_141821_776.wav,1,elevator_20250822_141821_776
1066,tester_data\all_tester\elevator_20250822_141833_771.wav,1,elevator_20250822_141833_771
1069,tester_data\all_tester\elevator_20250822_141836_760.wav,1,elevator_20250822_141836_760
1075,tester_data\all_tester\elevator_20250822_141842_780.wav,1,elevator_20250822_141842_780
1081,tester_data\all_tester\elevator_20250822_141848_799.wav,1,elevator_20250822_141848_799
1087,tester_data\all_tester\elevator_20250822_141854_799.wav,1,elevator_20250822_141854_799
1096,tester_data\all_tester\elevator_20250822_141903_805.wav,1,elevator_20250822_141903_805
1133,tester_data\all_tester\elevator_20250822_141940_803.wav,1,elevator_20250822_141940_803
1136,tester_data\all_tester\elevator_20250822_141943_804.wav,1,elevator_20250822_141943_804
1142,tester_data\all_tester\elevator_20250822_141949_826.wav,1,elevator_20250822_141949_826
1148,tester_data\all_tester\elevator_20250822_141955_798.wav,1,elevator_20250822_141955_798
1151,tester_data\all_tester\elevator_20250822_141958_830.wav,1,elevator_20250822_141958_830
1154,tester_data\all_tester\elevator_20250822_142001_820.wav,1,elevator_20250822_142001_820
1157,tester_data\all_tester\elevator_20250822_142004_828.wav,1,elevator_20250822_142004_828
1160,tester_data\all_tester\elevator_20250822_144809_046.wav,1,elevator_20250822_144809_046
1163,tester_data\all_tester\elevator_20250822_144812_077.wav,1,elevator_20250822_144812_077
1169,tester_data\all_tester\elevator_20250822_144818_051.wav,1,elevator_20250822_144818_051
1175,tester_data\all_tester\elevator_20250822_144824_066.wav,1,elevator_20250822_144824_066
1181,tester_data\all_tester\elevator_20250822_144830_064.wav,1,elevator_20250822_144830_064
1187,tester_data\all_tester\elevator_20250822_144836_055.wav,1,elevator_20250822_144836_055
1193,tester_data\all_tester\elevator_20250822_144842_073.wav,1,elevator_20250822_144842_073
1197,tester_data\all_tester\elevator_20250822_144846_065.wav,1,elevator_20250822_144846_065
1206,tester_data\all_tester\elevator_20250822_144855_069.wav,1,elevator_20250822_144855_069
1209,tester_data\all_tester\elevator_20250822_144858_070.wav,1,elevator_20250822_144858_070
1221,tester_data\all_tester\elevator_20250822_144910_061.wav,1,elevator_20250822_144910_061
1224,tester_data\all_tester\elevator_20250822_144913_064.wav,1,elevator_20250822_144913_064
1236,tester_data\all_tester\elevator_20250822_144925_076.wav,1,elevator_20250822_144925_076
1248,tester_data\all_tester\elevator_20250822_144937_042.wav,1,elevator_20250822_144937_042
1282,tester_data\all_tester\elevator_20250822_145011_075.wav,1,elevator_20250822_145011_075
1285,tester_data\all_tester\elevator_20250822_145014_064.wav,1,elevator_20250822_145014_064
1288,tester_data\all_tester\elevator_20250822_151713_151.wav,1,elevator_20250822_151713_151
1291,tester_data\all_tester\elevator_20250822_151716_141.wav,1,elevator_20250822_151716_141
1294,tester_data\all_tester\elevator_20250822_151719_127.wav,1,elevator_20250822_151719_127
1297,tester_data\all_tester\elevator_20250822_151722_132.wav,1,elevator_20250822_151722_132
1300,tester_data\all_tester\elevator_20250822_151725_115.wav,1,elevator_20250822_151725_115
1306,tester_data\all_tester\elevator_20250822_151731_138.wav,1,elevator_20250822_151731_138
1310,tester_data\all_tester\elevator_20250822_151735_138.wav,1,elevator_20250822_151735_138
1312,tester_data\all_tester\elevator_20250822_151737_125.wav,1,elevator_20250822_151737_125
1313,tester_data\all_tester\elevator_20250822_151738_131.wav,1,elevator_20250822_151738_131
1316,tester_data\all_tester\elevator_20250822_151741_126.wav,1,elevator_20250822_151741_126
1322,tester_data\all_tester\elevator_20250822_151747_134.wav,1,elevator_20250822_151747_134
1324,tester_data\all_tester\elevator_20250822_151749_140.wav,1,elevator_20250822_151749_140
1328,tester_data\all_tester\elevator_20250822_151753_116.wav,1,elevator_20250822_151753_116
1334,tester_data\all_tester\elevator_20250822_151759_139.wav,1,elevator_20250822_151759_139
1337,tester_data\all_tester\elevator_20250822_151802_132.wav,1,elevator_20250822_151802_132
1340,tester_data\all_tester\elevator_20250822_151805_139.wav,1,elevator_20250822_151805_139
1343,tester_data\all_tester\elevator_20250822_151808_131.wav,1,elevator_20250822_151808_131
1346,tester_data\all_tester\elevator_20250822_151811_123.wav,1,elevator_20250822_151811_123
1349,tester_data\all_tester\elevator_20250822_151814_147.wav,1,elevator_20250822_151814_147
1352,tester_data\all_tester\elevator_20250822_151817_138.wav,1,elevator_20250822_151817_138
1355,tester_data\all_tester\elevator_20250822_151820_127.wav,1,elevator_20250822_151820_127
1358,tester_data\all_tester\elevator_20250822_151823_123.wav,1,elevator_20250822_151823_123
1361,tester_data\all_tester\elevator_20250822_151826_133.wav,1,elevator_20250822_151826_133
1365,tester_data\all_tester\elevator_20250822_151830_148.wav,1,elevator_20250822_151830_148
1367,tester_data\all_tester\elevator_20250822_151832_127.wav,1,elevator_20250822_151832_127
1370,tester_data\all_tester\elevator_20250822_151835_138.wav,1,elevator_20250822_151835_138
1371,tester_data\all_tester\elevator_20250822_151836_131.wav,1,elevator_20250822_151836_131
1374,tester_data\all_tester\elevator_20250822_151839_122.wav,1,elevator_20250822_151839_122
1377,tester_data\all_tester\elevator_20250822_151842_148.wav,1,elevator_20250822_151842_148
1379,tester_data\all_tester\elevator_20250822_151844_145.wav,1,elevator_20250822_151844_145
1385,tester_data\all_tester\elevator_20250822_151850_123.wav,1,elevator_20250822_151850_123
1389,tester_data\all_tester\elevator_20250822_151854_123.wav,1,elevator_20250822_151854_123
1392,tester_data\all_tester\elevator_20250822_151857_140.wav,1,elevator_20250822_151857_140
1395,tester_data\all_tester\elevator_20250822_151900_140.wav,1,elevator_20250822_151900_140
1398,tester_data\all_tester\elevator_20250822_151903_139.wav,1,elevator_20250822_151903_139
1401,tester_data\all_tester\elevator_20250822_151906_124.wav,1,elevator_20250822_151906_124
1404,tester_data\all_tester\elevator_20250822_151909_123.wav,1,elevator_20250822_151909_123
1407,tester_data\all_tester\elevator_20250822_151912_157.wav,1,elevator_20250822_151912_157
1410,tester_data\all_tester\elevator_20250822_151915_176.wav,1,elevator_20250822_151915_176
1413,tester_data\all_tester\elevator_20250822_151918_161.wav,1,elevator_20250822_151918_161
1416,tester_data\all_tester\elevator_20250822_151921_153.wav,1,elevator_20250822_151921_153
1419,tester_data\all_tester\elevator_20250822_151924_146.wav,1,elevator_20250822_151924_146
1422,tester_data\all_tester\elevator_20250822_151927_169.wav,1,elevator_20250822_151927_169
1425,tester_data\all_tester\elevator_20250822_151930_162.wav,1,elevator_20250822_151930_162
1428,tester_data\all_tester\elevator_20250822_151933_146.wav,1,elevator_20250822_151933_146
1432,tester_data\all_tester\elevator_20250822_151937_154.wav,1,elevator_20250822_151937_154
1434,tester_data\all_tester\elevator_20250822_151939_162.wav,1,elevator_20250822_151939_162
1438,tester_data\all_tester\elevator_20250822_151943_173.wav,1,elevator_20250822_151943_173
1440,tester_data\all_tester\elevator_20250822_151945_161.wav,1,elevator_20250822_151945_161
1441,tester_data\all_tester\elevator_20250822_151946_155.wav,1,elevator_20250822_151946_155
1557,tester_data\all_tester\gripper_20250730_145028_898.wav,2,gripper_20250730_145028_898
1563,tester_data\all_tester\gripper_20250730_145034_883.wav,2,gripper_20250730_145034_883
1569,tester_data\all_tester\gripper_20250730_145040_901.wav,2,gripper_20250730_145040_901
1575,tester_data\all_tester\gripper_20250730_145046_886.wav,2,gripper_20250730_145046_886
1581,tester_data\all_tester\gripper_20250730_145052_886.wav,2,gripper_20250730_145052_886
1593,tester_data\all_tester\gripper_20250730_145104_883.wav,2,gripper_20250730_145104_883
1599,tester_data\all_tester\gripper_20250730_145110_898.wav,2,gripper_20250730_145110_898
1605,tester_data\all_tester\gripper_20250730_145116_883.wav,2,gripper_20250730_145116_883
1611,tester_data\all_tester\gripper_20250730_145122_885.wav,2,gripper_20250730_145122_885
1617,tester_data\all_tester\gripper_20250730_145128_901.wav,2,gripper_20250730_145128_901
1623,tester_data\all_tester\gripper_20250730_145134_882.wav,2,gripper_20250730_145134_882
1632,tester_data\all_tester\gripper_20250730_145143_892.wav,2,gripper_20250730_145143_892
1635,tester_data\all_tester\gripper_20250730_145146_884.wav,2,gripper_20250730_145146_884
1641,tester_data\all_tester\gripper_20250730_145152_886.wav,2,gripper_20250730_145152_886
1644,tester_data\all_tester\gripper_20250730_145155_891.wav,2,gripper_20250730_145155_891
1647,tester_data\all_tester\gripper_20250730_145158_901.wav,2,gripper_20250730_145158_901
1653,tester_data\all_tester\gripper_20250730_145204_883.wav,2,gripper_20250730_145204_883
1656,tester_data\all_tester\gripper_20250730_145207_876.wav,2,gripper_20250730_145207_876
1659,tester_data\all_tester\gripper_20250730_145210_896.wav,2,gripper_20250730_145210_896
1665,tester_data\all_tester\gripper_20250730_145216_882.wav,2,gripper_20250730_145216_882
1671,tester_data\all_tester\gripper_20250730_145222_883.wav,2,gripper_20250730_145222_883
1677,tester_data\all_tester\gripper_20250730_145228_903.wav,2,gripper_20250730_145228_903
1680,tester_data\all_tester\gripper_20250730_145231_894.wav,2,gripper_20250730_145231_894
1683,tester_data\all_tester\gripper_20250730_145234_886.wav,2,gripper_20250730_145234_886
1689,tester_data\all_tester\gripper_20250730_145240_897.wav,2,gripper_20250730_145240_897
1692,tester_data\all_tester\gripper_20250730_145243_895.wav,2,gripper_20250730_145243_895
1695,tester_data\all_tester\gripper_20250730_145246_886.wav,2,gripper_20250730_145246_886
1708,tester_data\all_tester\gripper_20250819_093400_794.wav,2,gripper_20250819_093400_794
1711,tester_data\all_tester\gripper_20250819_093403_794.wav,2,gripper_20250819_093403_794
1712,tester_data\all_tester\gripper_20250819_093404_785.wav,2,gripper_20250819_093404_785
1720,tester_data\all_tester\gripper_20250819_093412_804.wav,2,gripper_20250819_093412_804
1724,tester_data\all_tester\gripper_20250819_093416_807.wav,2,gripper_20250819_093416_807
1728,tester_data\all_tester\gripper_20250819_093420_795.wav,2,gripper_20250819_093420_795
1732,tester_data\all_tester\gripper_20250819_093424_789.wav,2,gripper_20250819_093424_789
1736,tester_data\all_tester\gripper_20250819_093428_803.wav,2,gripper_20250819_093428_803
1740,tester_data\all_tester\gripper_20250819_093432_792.wav,2,gripper_20250819_093432_792
1744,tester_data\all_tester\gripper_20250819_093436_787.wav,2,gripper_20250819_093436_787
1752,tester_data\all_tester\gripper_20250819_093444_792.wav,2,gripper_20250819_093444_792
1757,tester_data\all_tester\gripper_20250819_093449_798.wav,2,gripper_20250819_093449_798
1760,tester_data\all_tester\gripper_20250819_093452_793.wav,2,gripper_20250819_093452_793
1761,tester_data\all_tester\gripper_20250819_093453_800.wav,2,gripper_20250819_093453_800
1765,tester_data\all_tester\gripper_20250819_093457_817.wav,2,gripper_20250819_093457_817
1768,tester_data\all_tester\gripper_20250819_093500_809.wav,2,gripper_20250819_093500_809
1769,tester_data\all_tester\gripper_20250819_093501_792.wav,2,gripper_20250819_093501_792
1773,tester_data\all_tester\gripper_20250819_093505_799.wav,2,gripper_20250819_093505_799
1776,tester_data\all_tester\gripper_20250819_093508_785.wav,2,gripper_20250819_093508_785
1777,tester_data\all_tester\gripper_20250819_093509_803.wav,2,gripper_20250819_093509_803
1781,tester_data\all_tester\gripper_20250819_093513_806.wav,2,gripper_20250819_093513_806
1785,tester_data\all_tester\gripper_20250819_093517_802.wav,2,gripper_20250819_093517_802
1793,tester_data\all_tester\gripper_20250819_093525_785.wav,2,gripper_20250819_093525_785
1797,tester_data\all_tester\gripper_20250819_093529_820.wav,2,gripper_20250819_093529_820
1801,tester_data\all_tester\gripper_20250819_093533_801.wav,2,gripper_20250819_093533_801
1805,tester_data\all_tester\gripper_20250819_093537_812.wav,2,gripper_20250819_093537_812
1809,tester_data\all_tester\gripper_20250819_093541_819.wav,2,gripper_20250819_093541_819
1813,tester_data\all_tester\gripper_20250819_093545_803.wav,2,gripper_20250819_093545_803
1814,tester_data\all_tester\gripper_20250819_093546_813.wav,2,gripper_20250819_093546_813
1817,tester_data\all_tester\gripper_20250819_093549_806.wav,2,gripper_20250819_093549_806
1818,tester_data\all_tester\gripper_20250819_093550_783.wav,2,gripper_20250819_093550_783
1819,tester_data\all_tester\gripper_20250819_093551_805.wav,2,gripper_20250819_093551_805
1820,tester_data\all_tester\gripper_20250819_093552_795.wav,2,gripper_20250819_093552_795
1821,tester_data\all_tester\gripper_20250819_093553_807.wav,2,gripper_20250819_093553_807
1822,tester_data\all_tester\gripper_20250819_093554_796.wav,2,gripper_20250819_093554_796
1823,tester_data\all_tester\gripper_20250819_093555_797.wav,2,gripper_20250819_093555_797
1824,tester_data\all_tester\gripper_20250819_093556_837.wav,2,gripper_20250819_093556_837
1835,tester_data\all_tester\gripper_20250822_141438_816.wav,2,gripper_20250822_141438_816
1838,tester_data\all_tester\gripper_20250822_141441_809.wav,2,gripper_20250822_141441_809
1841,tester_data\all_tester\gripper_20250822_141444_833.wav,2,gripper_20250822_141444_833
1861,tester_data\all_tester\gripper_20250822_141504_828.wav,2,gripper_20250822_141504_828
1864,tester_data\all_tester\gripper_20250822_141507_819.wav,2,gripper_20250822_141507_819
1867,tester_data\all_tester\gripper_20250822_141510_821.wav,2,gripper_20250822_141510_821
1884,tester_data\all_tester\gripper_20250822_141527_848.wav,2,gripper_20250822_141527_848
1887,tester_data\all_tester\gripper_20250822_141530_842.wav,2,gripper_20250822_141530_842
1890,tester_data\all_tester\gripper_20250822_141533_834.wav,2,gripper_20250822_141533_834
1906,tester_data\all_tester\gripper_20250822_141549_826.wav,2,gripper_20250822_141549_826
1913,tester_data\all_tester\gripper_20250822_141556_828.wav,2,gripper_20250822_141556_828
1922,tester_data\all_tester\gripper_20250822_141605_837.wav,2,gripper_20250822_141605_837
1928,tester_data\all_tester\gripper_20250822_141611_813.wav,2,gripper_20250822_141611_813
1929,tester_data\all_tester\gripper_20250822_141612_845.wav,2,gripper_20250822_141612_845
1930,tester_data\all_tester\gripper_20250822_141613_854.wav,2,gripper_20250822_141613_854
1936,tester_data\all_tester\gripper_20250822_141619_838.wav,2,gripper_20250822_141619_838
1937,tester_data\all_tester\gripper_20250822_144408_886.wav,2,gripper_20250822_144408_886
1940,tester_data\all_tester\gripper_20250822_144411_882.wav,2,gripper_20250822_144411_882
1943,tester_data\all_tester\gripper_20250822_144414_880.wav,2,gripper_20250822_144414_880
1951,tester_data\all_tester\gripper_20250822_144422_884.wav,2,gripper_20250822_144422_884
1954,tester_data\all_tester\gripper_20250822_144425_893.wav,2,gripper_20250822_144425_893
1957,tester_data\all_tester\gripper_20250822_144428_890.wav,2,gripper_20250822_144428_890
1960,tester_data\all_tester\gripper_20250822_144431_879.wav,2,gripper_20250822_144431_879
1963,tester_data\all_tester\gripper_20250822_144434_860.wav,2,gripper_20250822_144434_860
1969,tester_data\all_tester\gripper_20250822_144440_887.wav,2,gripper_20250822_144440_887
1975,tester_data\all_tester\gripper_20250822_144446_880.wav,2,gripper_20250822_144446_880
1977,tester_data\all_tester\gripper_20250822_144448_878.wav,2,gripper_20250822_144448_878
1983,tester_data\all_tester\gripper_20250822_144454_905.wav,2,gripper_20250822_144454_905
1986,tester_data\all_tester\gripper_20250822_144457_902.wav,2,gripper_20250822_144457_902
1989,tester_data\all_tester\gripper_20250822_144500_886.wav,2,gripper_20250822_144500_886
1992,tester_data\all_tester\gripper_20250822_144503_897.wav,2,gripper_20250822_144503_897
1995,tester_data\all_tester\gripper_20250822_144506_878.wav,2,gripper_20250822_144506_878
1998,tester_data\all_tester\gripper_20250822_144509_892.wav,2,gripper_20250822_144509_892
2000,tester_data\all_tester\gripper_20250822_144511_901.wav,2,gripper_20250822_144511_901
2004,tester_data\all_tester\gripper_20250822_144515_887.wav,2,gripper_20250822_144515_887
2006,tester_data\all_tester\gripper_20250822_144517_882.wav,2,gripper_20250822_144517_882
2009,tester_data\all_tester\gripper_20250822_144520_882.wav,2,gripper_20250822_144520_882
2012,tester_data\all_tester\gripper_20250822_144523_900.wav,2,gripper_20250822_144523_900
2015,tester_data\all_tester\gripper_20250822_144526_884.wav,2,gripper_20250822_144526_884
2018,tester_data\all_tester\gripper_20250822_144529_874.wav,2,gripper_20250822_144529_874
2021,tester_data\all_tester\gripper_20250822_144532_890.wav,2,gripper_20250822_144532_890
2027,tester_data\all_tester\gripper_20250822_144538_891.wav,2,gripper_20250822_144538_891
2032,tester_data\all_tester\gripper_20250822_144543_890.wav,2,gripper_20250822_144543_890
2035,tester_data\all_tester\gripper_20250822_144546_891.wav,2,gripper_20250822_144546_891
2038,tester_data\all_tester\gripper_20250822_144549_882.wav,2,gripper_20250822_144549_882
2041,tester_data\all_tester\gripper_20250822_144552_906.wav,2,gripper_20250822_144552_906
2044,tester_data\all_tester\gripper_20250822_144555_889.wav,2,gripper_20250822_144555_889
2047,tester_data\all_tester\gripper_20250822_144558_890.wav,2,gripper_20250822_144558_890
2050,tester_data\all_tester\gripper_20250822_144601_881.wav,2,gripper_20250822_144601_881
2055,tester_data\all_tester\gripper_20250822_144606_871.wav,2,gripper_20250822_144606_871
2056,tester_data\all_tester\gripper_20250822_144607_895.wav,2,gripper_20250822_144607_895
2058,tester_data\all_tester\gripper_20250822_144609_895.wav,2,gripper_20250822_144609_895
2061,tester_data\all_tester\gripper_20250822_144612_883.wav,2,gripper_20250822_144612_883
2067,tester_data\all_tester\gripper_20250822_151359_130.wav,2,gripper_20250822_151359_130
2075,tester_data\all_tester\gripper_20250822_151407_117.wav,2,gripper_20250822_151407_117
2110,tester_data\all_tester\gripper_20250822_151442_129.wav,2,gripper_20250822_151442_129
2212,tester_data\all_tester\gripper_20250826_110123_238.wav,2,gripper_20250826_110123_238
2225,tester_data\all_tester\gripper_20250826_110136_241.wav,2,gripper_20250826_110136_241
2231,tester_data\all_tester\gripper_20250826_110142_228.wav,2,gripper_20250826_110142_228
2237,tester_data\all_tester\gripper_20250826_110148_220.wav,2,gripper_20250826_110148_220
2243,tester_data\all_tester\gripper_20250826_110154_234.wav,2,gripper_20250826_110154_234
2249,tester_data\all_tester\gripper_20250826_110200_206.wav,2,gripper_20250826_110200_206
2255,tester_data\all_tester\gripper_20250826_110206_220.wav,2,gripper_20250826_110206_220
2258,tester_data\all_tester\gripper_20250826_110209_215.wav,2,gripper_20250826_110209_215
2261,tester_data\all_tester\gripper_20250826_110212_200.wav,2,gripper_20250826_110212_200
2267,tester_data\all_tester\gripper_20250826_110218_197.wav,2,gripper_20250826_110218_197
2273,tester_data\all_tester\gripper_20250826_110224_213.wav,2,gripper_20250826_110224_213
2279,tester_data\all_tester\gripper_20250826_110230_193.wav,2,gripper_20250826_110230_193
2298,tester_data\all_tester\gripper_20250826_110249_167.wav,2,gripper_20250826_110249_167
2304,tester_data\all_tester\gripper_20250826_110255_176.wav,2,gripper_20250826_110255_176
2310,tester_data\all_tester\gripper_20250826_110301_157.wav,2,gripper_20250826_110301_157
2313,tester_data\all_tester\gripper_20250826_110304_162.wav,2,gripper_20250826_110304_162
2573,tester_data\all_tester\shuttle_20250822_145343_425.wav,3,shuttle_20250822_145343_425
2575,tester_data\all_tester\shuttle_20250822_145345_426.wav,3,shuttle_20250822_145345_426
2579,tester_data\all_tester\shuttle_20250822_145349_428.wav,3,shuttle_20250822_145349_428
2584,tester_data\all_tester\shuttle_20250822_145354_421.wav,3,shuttle_20250822_145354_421
2588,tester_data\all_tester\shuttle_20250822_145358_433.wav,3,shuttle_20250822_145358_433
2593,tester_data\all_tester\shuttle_20250822_145403_428.wav,3,shuttle_20250822_145403_428
2595,tester_data\all_tester\shuttle_20250822_145405_427.wav,3,shuttle_20250822_145405_427
2597,tester_data\all_tester\shuttle_20250822_145407_411.wav,3,shuttle_20250822_145407_411
2602,tester_data\all_tester\shuttle_20250822_145412_435.wav,3,shuttle_20250822_145412_435
2604,tester_data\all_tester\shuttle_20250822_145414_427.wav,3,shuttle_20250822_145414_427
2606,tester_data\all_tester\shuttle_20250822_145416_421.wav,3,shuttle_20250822_145416_421
2613,tester_data\all_tester\shuttle_20250822_145423_411.wav,3,shuttle_20250822_145423_411
2615,tester_data\all_tester\shuttle_20250822_145425_413.wav,3,shuttle_20250822_145425_413
2616,tester_data\all_tester\shuttle_20250822_145426_393.wav,3,shuttle_20250822_145426_393
2617,tester_data\all_tester\shuttle_20250822_145427_430.wav,3,shuttle_20250822_145427_430
2618,tester_data\all_tester\shuttle_20250822_145428_435.wav,3,shuttle_20250822_145428_435
2619,tester_data\all_tester\shuttle_20250822_145429_428.wav,3,shuttle_20250822_145429_428
2624,tester_data\all_tester\shuttle_20250822_145434_421.wav,3,shuttle_20250822_145434_421
2627,tester_data\all_tester\shuttle_20250822_145437_407.wav,3,shuttle_20250822_145437_407
2628,tester_data\all_tester\shuttle_20250822_145438_418.wav,3,shuttle_20250822_145438_418
2633,tester_data\all_tester\shuttle_20250822_145443_426.wav,3,shuttle_20250822_145443_426
2637,tester_data\all_tester\shuttle_20250822_145447_429.wav,3,shuttle_20250822_145447_429
2642,tester_data\all_tester\shuttle_20250822_145452_423.wav,3,shuttle_20250822_145452_423
2644,tester_data\all_tester\shuttle_20250822_145454_410.wav,3,shuttle_20250822_145454_410
2650,tester_data\all_tester\shuttle_20250822_145500_427.wav,3,shuttle_20250822_145500_427
2651,tester_data\all_tester\shuttle_20250822_145501_429.wav,3,shuttle_20250822_145501_429
2652,tester_data\all_tester\shuttle_20250822_145502_422.wav,3,shuttle_20250822_145502_422
2655,tester_data\all_tester\shuttle_20250822_145505_419.wav,3,shuttle_20250822_145505_419
2657,tester_data\all_tester\shuttle_20250822_145507_414.wav,3,shuttle_20250822_145507_414
2659,tester_data\all_tester\shuttle_20250822_145509_413.wav,3,shuttle_20250822_145509_413
2664,tester_data\all_tester\shuttle_20250822_145514_437.wav,3,shuttle_20250822_145514_437
2666,tester_data\all_tester\shuttle_20250822_145516_445.wav,3,shuttle_20250822_145516_445
2668,tester_data\all_tester\shuttle_20250822_145518_422.wav,3,shuttle_20250822_145518_422
2673,tester_data\all_tester\shuttle_20250822_145523_413.wav,3,shuttle_20250822_145523_413
2675,tester_data\all_tester\shuttle_20250822_145525_417.wav,3,shuttle_20250822_145525_417
2677,tester_data\all_tester\shuttle_20250822_145527_428.wav,3,shuttle_20250822_145527_428
2686,tester_data\all_tester\shuttle_20250822_145536_422.wav,3,shuttle_20250822_145536_422
2687,tester_data\all_tester\shuttle_20250822_145537_407.wav,3,shuttle_20250822_145537_407
2688,tester_data\all_tester\shuttle_20250822_145538_423.wav,3,shuttle_20250822_145538_423
2792,tester_data\all_tester\shuttle_20250826_105350_261.wav,3,shuttle_20250826_105350_261
2793,tester_data\all_tester\shuttle_20250826_105351_272.wav,3,shuttle_20250826_105351_272
2796,tester_data\all_tester\shuttle_20250826_105354_265.wav,3,shuttle_20250826_105354_265
2797,tester_data\all_tester\shuttle_20250826_105355_252.wav,3,shuttle_20250826_105355_252
2798,tester_data\all_tester\shuttle_20250826_105356_254.wav,3,shuttle_20250826_105356_254
2799,tester_data\all_tester\shuttle_20250826_105357_259.wav,3,shuttle_20250826_105357_259
2803,tester_data\all_tester\shuttle_20250826_105401_255.wav,3,shuttle_20250826_105401_255
2806,tester_data\all_tester\shuttle_20250826_105404_276.wav,3,shuttle_20250826_105404_276
2807,tester_data\all_tester\shuttle_20250826_105405_279.wav,3,shuttle_20250826_105405_279
2808,tester_data\all_tester\shuttle_20250826_105406_265.wav,3,shuttle_20250826_105406_265
2809,tester_data\all_tester\shuttle_20250826_105407_278.wav,3,shuttle_20250826_105407_278
2813,tester_data\all_tester\shuttle_20250826_105411_263.wav,3,shuttle_20250826_105411_263
2817,tester_data\all_tester\shuttle_20250826_105415_268.wav,3,shuttle_20250826_105415_268
2818,tester_data\all_tester\shuttle_20250826_105416_263.wav,3,shuttle_20250826_105416_263
2819,tester_data\all_tester\shuttle_20250826_105417_288.wav,3,shuttle_20250826_105417_288
2823,tester_data\all_tester\shuttle_20250826_105421_284.wav,3,shuttle_20250826_105421_284
2827,tester_data\all_tester\shuttle_20250826_105425_270.wav,3,shuttle_20250826_105425_270
2828,tester_data\all_tester\shuttle_20250826_105426_286.wav,3,shuttle_20250826_105426_286
2829,tester_data\all_tester\shuttle_20250826_105427_265.wav,3,shuttle_20250826_105427_265
2833,tester_data\all_tester\shuttle_20250826_105431_274.wav,3,shuttle_20250826_105431_274
2837,tester_data\all_tester\shuttle_20250826_105435_289.wav,3,shuttle_20250826_105435_289
2838,tester_data\all_tester\shuttle_20250826_105436_288.wav,3,shuttle_20250826_105436_288
2839,tester_data\all_tester\shuttle_20250826_105437_300.wav,3,shuttle_20250826_105437_300
2840,tester_data\all_tester\shuttle_20250826_105438_282.wav,3,shuttle_20250826_105438_282
2847,tester_data\all_tester\shuttle_20250826_105445_279.wav,3,shuttle_20250826_105445_279
2848,tester_data\all_tester\shuttle_20250826_105446_272.wav,3,shuttle_20250826_105446_272
2849,tester_data\all_tester\shuttle_20250826_105447_301.wav,3,shuttle_20250826_105447_301
2850,tester_data\all_tester\shuttle_20250826_105448_306.wav,3,shuttle_20250826_105448_306
2853,tester_data\all_tester\shuttle_20250826_105451_308.wav,3,shuttle_20250826_105451_308
2857,tester_data\all_tester\shuttle_20250826_105455_298.wav,3,shuttle_20250826_105455_298
2858,tester_data\all_tester\shuttle_20250826_105456_299.wav,3,shuttle_20250826_105456_299
2859,tester_data\all_tester\shuttle_20250826_105457_286.wav,3,shuttle_20250826_105457_286
2860,tester_data\all_tester\shuttle_20250826_105458_294.wav,3,shuttle_20250826_105458_294
2863,tester_data\all_tester\shuttle_20250826_105501_298.wav,3,shuttle_20250826_105501_298
2867,tester_data\all_tester\shuttle_20250826_105505_306.wav,3,shuttle_20250826_105505_306
2868,tester_data\all_tester\shuttle_20250826_105506_303.wav,3,shuttle_20250826_105506_303
2869,tester_data\all_tester\shuttle_20250826_105507_329.wav,3,shuttle_20250826_105507_329
2870,tester_data\all_tester\shuttle_20250826_105508_338.wav,3,shuttle_20250826_105508_338
2873,tester_data\all_tester\shuttle_20250826_105511_325.wav,3,shuttle_20250826_105511_325
2877,tester_data\all_tester\shuttle_20250826_105515_318.wav,3,shuttle_20250826_105515_318
2878,tester_data\all_tester\shuttle_20250826_105516_323.wav,3,shuttle_20250826_105516_323
2879,tester_data\all_tester\shuttle_20250826_105517_345.wav,3,shuttle_20250826_105517_345
2880,tester_data\all_tester\shuttle_20250826_105518_340.wav,3,shuttle_20250826_105518_340
2883,tester_data\all_tester\shuttle_20250826_105521_334.wav,3,shuttle_20250826_105521_334
2887,tester_data\all_tester\shuttle_20250826_105525_338.wav,3,shuttle_20250826_105525_338
2888,tester_data\all_tester\shuttle_20250826_105526_331.wav,3,shuttle_20250826_105526_331
2889,tester_data\all_tester\shuttle_20250826_105527_342.wav,3,shuttle_20250826_105527_342
3217,tester_data\all_tester\environment_20250822_140123_604.wav,4,environment_20250822_140123_604
3218,tester_data\all_tester\environment_20250822_140124_619.wav,4,environment_20250822_140124_619
3227,tester_data\all_tester\environment_20250822_140133_622.wav,4,environment_20250822_140133_622
3234,tester_data\all_tester\environment_20250822_140140_625.wav,4,environment_20250822_140140_625
3235,tester_data\all_tester\environment_20250822_140141_634.wav,4,environment_20250822_140141_634
3340,tester_data\all_tester\environment_20250826_110839_702.wav,4,environment_20250826_110839_702
3341,tester_data\all_tester\environment_20250826_110840_701.wav,4,environment_20250826_110840_701
3374,tester_data\all_tester\environment_20250826_110913_712.wav,4,environment_20250826_110913_712
3375,tester_data\all_tester\environment_20250826_110914_713.wav,4,environment_20250826_110914_713
3383,tester_data\all_tester\environment_20250826_110922_707.wav,4,environment_20250826_110922_707
3384,tester_data\all_tester\environment_20250826_110923_700.wav,4,environment_20250826_110923_700
3495,tester_data\all_tester\environment_20250826_115110_151.wav,4,environment_20250826_115110_151
3496,tester_data\all_tester\environment_20250826_115111_153.wav,4,environment_20250826_115111_153
